"","X","Forest","meanTDensity","sdTDensity","meanTDom","sdTDom","mean_ss_dens_per_hect","sdSSDensity","meanSSDom","sdSSDom","MeanAllDens","sdAllDens","meanAllDom","sdAllDom"
"1",1,"Beaver Creek",737.5,13.6930639376292,191816.222650232,1591.94049277888,32333.3333333333,16027.7537068951,72518.4304203644,25916.8171392571,33070.8333333333,13101.0398583613,26.4334653070596,2.7508757632036
"2",2,"Degrasse",346.875,20.863074009907,352926.45325443,77760.9848159814,1888.88888888889,2411.39271269008,3577.92496658838,3273.3648957911,2238.88888888889,2175.39694121598,35.6504378221019,7.66979933598156
"3",3,"Donnerville",665.277777777778,170.453307581166,260941.274855791,94372.7729916742,3000,1154.70053837925,4450.58959258554,3269.87330557523,3633.33333333333,1185.53785262218,26.5391864448376,9.13806285137061
"4",4,"South Hammond",551.25,77.1511674025672,214605.924807995,40379.0472325935,7000,7371.11479583199,32724.9234748937,20090.4379407937,7550,6547.76043137397,24.7330848282889,5.67371321367309
"5",5,"Whipoorwill",815,12.9099444873581,489700.172742978,152477.937516401,37166.6666666667,45019.1317355435,35473.8170467848,35357.9433828437,37979.1666666667,36743.5333816764,52.5173989789763,18.7835880899245
"6",6,"Whiskey Flats",615,77.4596669241483,276722.181978165,137692.578458578,9333.33333333333,5185.44972870135,48171.0873550435,44058.5891367371,9933.33333333333,4320.5045144357,32.4893269333209,9.36339893218406
