"","Forest","N","MeanSR","SDSR","semSR","MeanShan","SD_Shan","semShan","MeanSimp","SD_Simp","semSimp","MeanInSimp","SD_InSimp","semInSimp"
"1","Beaver Creek",2,4.5,0.707106781186548,0.353553390593274,1.07081910582535,0.0605213439243145,0.0302606719621573,0.605534605146406,0.0219291487105565,0.0109645743552782,2.53899998269074,0.141148270350028,0.0705741351750142
"2","Degrasse",3,3,0,0,0.610648081437777,0.272589502087465,0.0908631673624883,0.342858149469327,0.186267158512029,0.0620890528373429,1.59703765705165,0.4001508415379,0.133383613845967
"3","Donnerville",3,7.33333333333333,1.15470053837925,0.38490017945975,1.62997076284556,0.0924454327169587,0.0308151442389862,0.756021722639698,0.0213861455983187,0.00712871519943956,4.1206083879226,0.374711850975445,0.124903950325148
"4","South Hammond",3,8.33333333333333,2.3094010767585,0.769800358919501,1.70807969379589,0.248382761765388,0.0827942539217958,0.76296120973044,0.0791455780337393,0.0263818593445798,4.50205430186111,1.27578928269106,0.425263094230354
"5","Whipoorwill",2,8.5,2.12132034355964,1.06066017177982,1.45020129940913,0.180773932410537,0.0903869662052685,0.657179979213769,0.140249738264049,0.0701248691320244,3.1833800681743,1.30233998683185,0.651169993415927
"6","Whiskey Flats",2,5.5,0.707106781186548,0.353553390593274,1.20063627248078,0.000466435092546814,0.000233217546273407,0.642733046913354,0.00381316660972736,0.00190658330486368,2.7991868622449,0.0298761634270465,0.0149380817135233
